name,email,phone
Deadra Harber, alyssa.wolf@hotmail.com, (472) 705-1689
Ms. Ariel Satterfield, micah.gerhold@yahoo.com, (262) 752-6527
Mrs. Hyman Howe, jonah.tillman@yahoo.com, (505) 631-0611
Susan Ryan, brady.rutherford@gmail.com, (505) 648-7892
Suzie Beatty, walker.boyer@hotmail.com, (505) 641-4726
Despina Harvey, chia.schneider@gmail.com, (951) 948-6215
Cole Crooks, kendall.kris@gmail.com, (983) 770-6446
Thuy Gorczany, ignacia.haag@yahoo.com, (472) 272-1636
Mitsuko Altenwerth Sr., madeleine.prohaska@gmail.com, (472) 210-3538
Blanca Langworth MD, nerissa.welch@gmail.com, (817) 769-9773
Damon Lockman, isidro.swaniawski@yahoo.com, (983) 384-7617
Wm Flatley, tressie.glover@gmail.com, (725) 631-1941
Lucien Padberg Jr., boyd.kreiger@yahoo.com, (443) 370-6284
Pablo Collier, foster.durgan@gmail.com, (248) 858-7146
Georgeanna Turner, shirley.bartell@gmail.com, (281) 982-6745
Coy Kassulke, mana.considine@yahoo.com, (305) 208-8962
Mrs. Glendora Schiller, johnie.schneider@hotmail.com, (305) 203-3453
Barry Corwin, robbie.tremblay@hotmail.com, (810) 864-8073
Lashell Kuphal, dwain.roob@gmail.com, (274) 270-7688
Belkis Rempel, laurena.torp@yahoo.com, (983) 421-8124
Palmer Ferry, ursula.cummings@hotmail.com, (458) 235-5810
Antonio Reilly III, pansy.dach@hotmail.com, (316) 911-9473
Jamal Osinski, jose.quitzon@hotmail.com, (505) 642-6154
Twanda Krajcik, nola.upton@yahoo.com, (472) 250-5888
Muoi Hagenes III, lino.jacobson@hotmail.com, (505) 745-0503
Garth Bartell MD, vernon.grady@hotmail.com, (551) 778-5934
Travis Lueilwitz, yevette.hansen@yahoo.com, (472) 252-0874
Mei Zemlak, jonathan.corkery@yahoo.com, (712) 559-7991
Mr. Malorie Rippin, bradly.goldner@gmail.com, (283) 676-8248
Corey Cole, winfred.welch@gmail.com, (959) 875-5675
Mr. Wilton Wunsch, edison.swaniawski@yahoo.com, (925) 329-4094
Laurena Braun DVM, emory.wunsch@yahoo.com, (505) 666-5648
Chet Gulgowski MD, xiomara.rutherford@hotmail.com, (274) 204-0998
Tona Pollich, celestina.becker@yahoo.com, (530) 983-6221
Alysia Russel, alton.padberg@yahoo.com, (505) 642-3958
Joey Brakus, katrina.kovacek@hotmail.com, (505) 415-0225
Bibi Waelchi, indira.oconner@gmail.com, (274) 238-6473
Carline Toy Sr., george.hansen@yahoo.com, (253) 870-3414
Jerrold Marks, sherice.feil@hotmail.com, (305) 279-3522
Dorla Fahey, randy.mayert@hotmail.com, (305) 212-6950
Shemeka Beatty, dorsey.batz@gmail.com, (305) 219-6345
Dr. Lenny Weissnat, marcus.franecki@yahoo.com, (305) 203-8751
Shayne Ondricka, wynona.blanda@hotmail.com, (501) 633-1178
Dorothy Christiansen, eldridge.thiel@hotmail.com, (720) 504-3954
Billy Lockman, marsha.torphy@hotmail.com, (983) 986-2066
Dr. Madalene Brakus, gayle.white@hotmail.com, (747) 851-7602
Cheryl Shanahan, sherie.herman@yahoo.com, (505) 646-8572
Hosea Zieme DVM, gale.ryan@gmail.com, (430) 513-3090
Brice Parker IV, tawny.mills@hotmail.com, (505) 641-3557
Lucio Mitchell, britteny.ortiz@gmail.com, (952) 681-4380
Frederick Herman, arminda.jenkins@hotmail.com, (954) 713-4760
Tressa Greenfelder, nerissa.ratke@hotmail.com, (541) 674-9512
Millard Ruecker, cecile.spinka@gmail.com, (760) 889-1884
Jimmie Grady, giuseppe.mann@gmail.com, (564) 974-6392
Tanja Marvin, jamika.kozey@hotmail.com, (305) 281-0211
Tatyana Mitchell, ethyl.hansen@yahoo.com, (305) 264-4242
Trinidad Mertz, clark.ledner@yahoo.com, (274) 203-4796
Quintin Johns, dario.spencer@hotmail.com, (305) 205-4983
Dr. Jackie Blanda, jeri.gutmann@gmail.com, (305) 207-3177
Dr. Tenesha Mraz, rory.bergnaum@yahoo.com, (505) 687-4493
Cecily MacGyver, hal.jast@yahoo.com, (472) 456-0160
Teddy Spencer, elton.hill@hotmail.com, (601) 384-8685
Annabelle Treutel, donnie.kutch@hotmail.com, (570) 469-5517
Miss Dorthy Streich, cheri.okuneva@yahoo.com, (274) 226-0734
Alene Lynch, gaston.mills@yahoo.com, (971) 923-1753
Miss Collette Swaniawski, casie.okon@yahoo.com, (505) 678-0691
Eldon Harvey, pearly.zemlak@gmail.com, (505) 621-1659
Rory Ward, cherish.jakubowski@hotmail.com, (305) 499-9625
Mr. Tamala Cummings, rolf.tromp@gmail.com, (254) 328-8874
Michael Bosco, omega.barton@gmail.com, (279) 329-6540
Cleo Powlowski, shannon.moen@hotmail.com, (821) 372-4508
Pamala King, edmund.conn@gmail.com, (472) 913-2756
Eulah Feeney, herta.gutkowski@hotmail.com, (505) 640-3339
Dr. Billy Schroeder, sean.bergnaum@hotmail.com, (505) 642-1479
Buddy Russel, willetta.walker@gmail.com, (505) 204-7172
Mrs. Gerry Cormier, odelia.abernathy@gmail.com, (274) 236-5333
Miss Layne Schulist, jerome.torp@yahoo.com, (472) 888-9885
Tuan Trantow, adolph.schinner@gmail.com, (585) 526-4653
Ambrose Terry, gonzalo.shanahan@gmail.com, (517) 605-6230
Shelli Okuneva, dee.shields@gmail.com, (305) 202-6910
Santos Goldner, hollis.monahan@yahoo.com, (505) 642-9021
Kathryn VonRueden, susanne.reinger@yahoo.com, (540) 771-1306
Jarrod Upton, bettyann.reichert@yahoo.com, (208) 954-3634
Myron Pfannerstill, deeanna.weber@hotmail.com, (983) 898-8931
Abram O'Hara, jeremy.zboncak@hotmail.com, (209) 798-5376
Seth Walker, suk.mclaughlin@yahoo.com, (472) 262-0388
Shakita Altenwerth, karl.braun@hotmail.com, (559) 944-2581
Hershel Torp, millard.pollich@yahoo.com, (213) 633-6985
Gilma Stamm, hosea.crist@yahoo.com, (505) 900-8902
Jerome Bergnaum, setsuko.heidenreich@gmail.com, (274) 260-2111
Christopher Kemmer, jesenia.streich@gmail.com, (472) 953-3076
Alfredia Schiller IV, jaimee.larson@gmail.com, (743) 805-9082
Wiley Hayes, jannet.hills@yahoo.com, (505) 610-6342
Evan Schaefer, ashli.romaguera@yahoo.com, (505) 654-2192
Issac Walsh, nigel.jaskolski@yahoo.com, (305) 226-6467
Yoko Altenwerth, marisha.borer@hotmail.com, (472) 409-2502
Dara Mante, juli.krajcik@gmail.com, (305) 201-3441
Era Hintz, shirlee.metz@hotmail.com, (279) 731-0711
Mr. Gilberto VonRueden, annalisa.runolfsdottir@hotmail.com, (945) 778-1935
Franklin Cartwright, desmond.schneider@hotmail.com, (305) 296-5463
Ms. Marcel Kilback, leighann.schneider@gmail.com, (520) 697-5509
Arlie Jaskolski, tonie.windler@gmail.com, (870) 554-2649
Ileen Satterfield, timmy.predovic@yahoo.com, (424) 629-4611
Miss Barney Buckridge, dorian.hickle@gmail.com, (252) 577-1670
Julio Gerlach, eryn.hills@yahoo.com, (274) 207-0065
Thurman Streich III, aldo.sanford@gmail.com, (327) 349-3631
Miss Caitlyn King, dalton.padberg@gmail.com, (274) 260-5026
Latina Johnston, thurman.nitzsche@yahoo.com, (305) 200-3643
Ken Bayer, evon.walsh@yahoo.com, (274) 242-5922
Arlena Hayes Sr., cheryle.bogan@gmail.com, (305) 487-3935
Nestor Mayert, ammie.hilpert@yahoo.com, (505) 654-0258
Dr. Sammie Keebler, lisha.altenwerth@hotmail.com, (983) 857-2245
Daniel Kris, latanya.carter@hotmail.com, (472) 935-8631
Gerard McClure, lee.towne@hotmail.com, (316) 397-1320
Dr. Josue Schinner, parker.hoppe@gmail.com, (931) 333-5107
Orval Howe Sr., mammie.wolff@gmail.com, (305) 259-3520
Alyse Kilback, armandina.ohara@yahoo.com, (505) 644-2334
Carroll Bradtke, jacob.wehner@gmail.com, (274) 255-0484
Jeramy Blick, alva.watsica@yahoo.com, (505) 640-2850
Lynwood Effertz IV, dillon.kling@yahoo.com, (267) 536-9667
Todd Glover, nick.macgyver@hotmail.com, (274) 294-6355
Mrs. Danyelle Towne, arleen.mcglynn@gmail.com, (305) 429-8710
Garfield O'Keefe, antoine.zemlak@yahoo.com, (505) 669-4934
Mr. Dave Orn, eduardo.cremin@hotmail.com, (305) 207-3769
Felicitas Cremin, shon.robel@hotmail.com, (472) 450-3222
Ricky Kihn, mitchell.murazik@gmail.com, (305) 793-3534
Ronnie Blick, arletta.rath@yahoo.com, (505) 424-7883
Leonarda Mohr, ali.ziemann@gmail.com, (505) 574-3104
Malka Halvorson IV, sanora.schiller@gmail.com, (505) 618-8975
Ms. Emmett Watsica, coleman.brekke@yahoo.com, (305) 208-9183
Khadijah Reilly, tish.marquardt@yahoo.com, (386) 580-7713
Mr. Juliette Schuppe, kym.schinner@gmail.com, (305) 280-5274
Allena Heathcote, ora.ohara@yahoo.com, (472) 810-7440
Vicki Lang, marjorie.towne@hotmail.com, (983) 974-1049
Alonso Nienow, hisako.stokes@hotmail.com, (728) 880-7369
Nila Lindgren, walker.heidenreich@yahoo.com, (774) 574-1941
Yoko Grimes, hisako.satterfield@gmail.com, (305) 285-4147
Vicenta Smitham, gregory.nikolaus@yahoo.com, (983) 884-6065
Garland Gibson, blake.jacobs@yahoo.com, (305) 206-6213
Harris Gusikowski, bethany.lindgren@yahoo.com, (773) 929-7731
Mitzie Dare, kristin.cummings@gmail.com, (274) 286-7164
Markita Prosacco, roseann.thiel@gmail.com, (274) 227-9986
Marcos Ernser Sr., mozelle.klein@yahoo.com, (305) 206-3053
Ms. Eusebio Bahringer, allegra.dicki@gmail.com, (305) 203-3603
Mr. Jamaal Pagac, roberto.altenwerth@hotmail.com, (505) 516-0335
Lashon Oberbrunner, lizette.langworth@gmail.com, (305) 239-1012
Danika McGlynn Jr., raelene.reilly@hotmail.com, (505) 648-2694
Thu Paucek IV, hong.dooley@hotmail.com, (810) 431-8647
Lashawn Hamill PhD, shenika.gulgowski@hotmail.com, (505) 640-7023
Librada Abshire, odis.langosh@gmail.com, (505) 332-3791
Mrs. Cody Fritsch, chelsie.ebert@yahoo.com, (472) 804-6973
Johanna Mante, lionel.swift@yahoo.com, (305) 967-8050
Octavio Gulgowski, russ.powlowski@yahoo.com, (530) 309-9410
Damion Hand, pablo.miller@gmail.com, (305) 893-7825
Kiley Larkin, freddie.upton@yahoo.com, (404) 750-0971
Kena Kunde, annemarie.okeefe@hotmail.com, (305) 201-4667
Ms. Laurette Legros, lanita.gerlach@gmail.com, (505) 630-3274
Young Osinski, napoleon.blanda@gmail.com, (305) 548-0327
Elden Stark, jenine.padberg@yahoo.com, (609) 878-5968
Doug Walker Sr., mason.gusikowski@yahoo.com, (826) 939-1121
Tonita Schmeler, burton.hartmann@gmail.com, (305) 263-4210
Oren Marvin, alvaro.torphy@gmail.com, (472) 792-2113
Darnell Bednar V, tyson.reynolds@gmail.com, (274) 245-5885
Miss Cary Runolfsson, shelton.lakin@gmail.com, (878) 229-4785
Alesha Zemlak, ollie.ratke@hotmail.com, (983) 351-3386
Harvey Strosin, nickolas.mraz@hotmail.com, (330) 604-4507
Danny Cassin, norberto.kling@hotmail.com, (305) 206-8211
Trent Heidenreich, joan.jacobs@yahoo.com, (274) 214-4752
Miss Magen Zieme, errol.reichel@yahoo.com, (505) 648-7190
Vernie Bernier, wayne.turner@gmail.com, (274) 280-0150
Judy Gaylord PhD, cory.huel@hotmail.com, (305) 201-1685
Trey Greenfelder, ivory.mills@yahoo.com, (305) 375-1733
Eddie Lang, isidra.cassin@gmail.com, (505) 427-7949
Vernon Bernhard, johnny.dibbert@gmail.com, (951) 660-0204
Brandy O'Reilly, ronny.reynolds@yahoo.com, (952) 538-5257
Tiffiny Schultz, eloisa.heathcote@hotmail.com, (505) 600-3864
Kermit Franecki, junko.brakus@hotmail.com, (925) 223-4034
Mrs. Sylvester Mertz, riley.connelly@hotmail.com, (726) 295-0237
Mrs. Hunter Hammes, lauran.rolfson@hotmail.com, (531) 853-8840
Lesa Abernathy, arnold.strosin@hotmail.com, (505) 661-3326
Mrs. Oliver Schneider, gerry.swift@hotmail.com, (423) 525-1876
Philip Daugherty, etha.walsh@gmail.com, (781) 588-8997
Alvaro Walter, ariel.daugherty@gmail.com, (274) 280-1119
Horacio Shields, alden.feil@hotmail.com, (305) 886-6992
Gail Konopelski, neal.weber@gmail.com, (947) 882-5962
Carson McKenzie DDS, earl.greenfelder@gmail.com, (305) 201-6664
Andy Streich, zofia.bednar@yahoo.com, (274) 258-6513
Susannah Grady, ambrose.armstrong@hotmail.com, (305) 868-6298
Janine Jacobson, maricela.moen@hotmail.com, (207) 855-1572
Mrs. Aurora Gleichner, kurtis.ohara@yahoo.com, (505) 858-4795
Jerrell Johns, agatha.king@hotmail.com, (305) 201-9106
Tennille Kuvalis MD, corey.berge@gmail.com, (505) 623-3657
Jannette Grady, garry.crist@hotmail.com, (347) 750-5063
Genesis Pouros DVM, sanjuana.towne@hotmail.com, (305) 201-3054
Chase Kuhlman, otto.kohler@gmail.com, (850) 986-9136
Les Halvorson, dung.deckow@hotmail.com, (305) 206-9936
Mrs. Monroe Leuschke, donn.farrell@yahoo.com, (305) 207-9194
Marcell Quitzon Sr., steve.green@hotmail.com, (983) 277-7585
Mr. Nelida Pfannerstill, temika.altenwerth@yahoo.com, (826) 576-0501
Hisako Wyman, irvin.hackett@hotmail.com, (615) 498-5367
