名字, Email, 電話號碼
Garret Leannon,kimberlee.harris@hotmail.com,(458) 371-1184
Mr. Faustino Stoltenberg,alejandro.heathcote@yahoo.com,(472) 403-1945
Jeff Gottlieb,walton.wilkinson@yahoo.com,(505) 422-7628
Marjory Bode,murray.hahn@hotmail.com,(983) 802-2178
Kristle Schoen,fausto.glover@hotmail.com,(305) 200-4085
Mrs. Ranae Schuster,rivka.lubowitz@gmail.com,(983) 342-2645
Dr. Janel Roberts,mee.leuschke@gmail.com,(505) 628-7862
Ka Romaguera,chu.swift@gmail.com,(505) 648-6442
Erin Hagenes IV,epifania.bogan@gmail.com,(472) 954-5757
Shaun Baumbach,prince.lowe@gmail.com,(305) 891-2402
Dr. Lavinia Jakubowski,phylis.moen@hotmail.com,(631) 849-2887
Dr. Tobi Roberts,cristy.feil@hotmail.com,(564) 267-9780
Ashly Dibbert,ricardo.leannon@gmail.com,(937) 563-7321
Douglas Labadie,brant.rippin@yahoo.com,(505) 608-7062
Shayne Pacocha,mose.miller@yahoo.com,(274) 278-5563
Lynn Lebsack,thora.ziemann@gmail.com,(856) 695-5117
Chong Ruecker,jamison.bosco@yahoo.com,(505) 634-1381
Detra Collier,benton.gutkowski@gmail.com,(830) 274-2712
Dr. Marylynn Padberg,cinda.mayer@hotmail.com,(505) 624-2475
Major Nader,derick.yost@yahoo.com,(404) 443-9668
Kenisha Okuneva,chiquita.hyatt@gmail.com,(505) 675-7470
Donetta Tillman PhD,mathew.grady@gmail.com,(330) 754-5968
Lemuel Durgan,rickie.terry@gmail.com,(505) 658-1991
Lu Kilback,elena.auer@hotmail.com,(629) 813-7337
Melva Smitham,gerardo.weber@gmail.com,(336) 530-7927
Erwin Smith,angle.waters@gmail.com,(501) 448-4916
Kerri Kihn,lane.hudson@gmail.com,(305) 264-5583
Thad Franecki,craig.muller@hotmail.com,(678) 550-6039
Cheree King II,kellee.kulas@hotmail.com,(505) 642-3609
Claud Reichel,modesta.schamberger@gmail.com,(505) 658-8316
Mrs. Tresa Streich,scott.hodkiewicz@hotmail.com,(305) 205-7094
Nickie Schuppe,thea.schultz@yahoo.com,(305) 236-9293
Mrs. Tamica Hoeger,serina.christiansen@yahoo.com,(505) 640-2395
Mariana Moen,antione.breitenberg@hotmail.com,(425) 619-2765
Nona Klein,gerald.abshire@gmail.com,(505) 659-9733
Keisha Klocko,murray.ondricka@yahoo.com,(305) 958-3421
Ginette Gaylord,ramiro.bednar@hotmail.com,(983) 395-0418
Edra Johnson PhD,daniell.beer@hotmail.com,(472) 487-9211
Dulce Wiza,gus.aufderhar@hotmail.com,(305) 208-4610
Dyan Gutmann,elmira.jenkins@yahoo.com,(573) 847-6842
Renda Wintheiser Sr.,agustin.nolan@hotmail.com,(274) 279-1528
Tobie Shields,janice.douglas@hotmail.com,(305) 241-1119
Damion Champlin,arthur.mann@yahoo.com,(305) 534-5858
Dr. Deon Mueller,rea.considine@yahoo.com,(505) 681-4373
Ms. Williemae Ebert,trinh.heller@yahoo.com,(770) 607-0746
Alton Heathcote,carroll.metz@yahoo.com,(472) 231-8394
Amira Zulauf,adalberto.block@yahoo.com,(505) 469-2362
Marco Schiller II,frederica.swift@gmail.com,(505) 394-0422
Wiley Weber,raymon.ledner@hotmail.com,(472) 488-0722
Debbie Treutel,tony.waters@gmail.com,(352) 387-8463
Ethan Torp MD,tristan.collier@yahoo.com,(274) 216-4531
Frankie Murphy,tanya.grady@gmail.com,(678) 249-7162
Kay Runolfsdottir DDS,amos.batz@yahoo.com,(983) 787-7488
Adolph Schulist Sr.,reatha.romaguera@hotmail.com,(915) 990-4878
Parthenia Brown,dawne.harvey@hotmail.com,(305) 240-6814
Mickey Bernier PhD,monte.macgyver@hotmail.com,(305) 206-5300
Alejandro Larson,lenard.cormier@gmail.com,(989) 609-7937
Mrs. Chelsie Veum,robin.fay@gmail.com,(305) 248-8030
Riley Breitenberg IV,santiago.toy@hotmail.com,(972) 301-6434
Jonas Nikolaus,tony.howell@hotmail.com,(618) 472-1164
Miss Tommy Lind,pamila.beatty@gmail.com,(505) 684-4845
Anthony Parker DDS,sarita.sauer@hotmail.com,(505) 604-8319
Jaime Stokes,victoria.hodkiewicz@yahoo.com,(218) 574-3665
Warren Wintheiser,lucia.macejkovic@yahoo.com,(505) 476-0365
Mr. Marlon Deckow,ignacio.steuber@yahoo.com,(983) 754-2249
Tish McLaughlin,sacha.casper@gmail.com,(949) 340-5021
Mrs. Eleni Bode,vennie.frami@yahoo.com,(983) 979-5696
Mrs. Celestina Farrell,lorine.rutherford@hotmail.com,(505) 336-9744
Donald Klein,lola.lebsack@hotmail.com,(305) 275-4797
Luana Considine,nakesha.price@yahoo.com,(425) 819-0795
Magnolia Schinner,sulema.sporer@gmail.com,(305) 795-4770
Zoila Hartmann,gilbert.fisher@hotmail.com,(505) 571-4507
Yong Feest,mike.dach@yahoo.com,(305) 200-1365
Tien Collins,tobie.lueilwitz@yahoo.com,(505) 783-4699
Brook Bahringer,lou.robel@hotmail.com,(305) 203-2700
Florencia Grady,tanna.hermiston@gmail.com,(313) 352-8789
Jason Hessel Sr.,reagan.hegmann@gmail.com,(305) 267-3436
Jamey Fahey DDS,thuy.fahey@gmail.com,(305) 791-4301
Dr. Tatyana Doyle,maisie.lockman@hotmail.com,(505) 663-2570
Leonila Johnston,augustine.will@yahoo.com,(505) 217-9749
Sarai Williamson,beau.harber@gmail.com,(505) 643-3738
Belva Ankunding IV,robbie.collins@yahoo.com,(872) 586-6776
Wilson Schinner,nicolas.stehr@yahoo.com,(424) 391-0131
Trevor Kub,shelton.oconner@gmail.com,(305) 245-3627
Ying Schuppe DVM,santo.blick@yahoo.com,(274) 263-0557
Charlie Flatley,delana.kassulke@yahoo.com,(505) 271-2318
Tonja Beahan,tammi.schowalter@gmail.com,(464) 739-6151
Stefan Kutch,carter.armstrong@gmail.com,(305) 208-9633
Lane Mertz,margo.doyle@gmail.com,(274) 235-9860
Dr. Nga Wisoky,madeleine.macgyver@hotmail.com,(276) 745-5529
Horace McCullough,necole.rutherford@yahoo.com,(274) 239-8145
Mrs. Peter Ortiz,gertrude.pfannerstill@yahoo.com,(505) 696-0182
Carli Robel,kandy.runte@hotmail.com,(878) 393-4438
Pricilla Haag,osvaldo.osinski@yahoo.com,(505) 241-5168
Venus Bosco,brynn.thompson@yahoo.com,(505) 523-5087
Gwyneth Kessler,dennis.reilly@gmail.com,(305) 757-7696
Joseph Johnson,francisco.cartwright@yahoo.com,(274) 228-1703
Austin Quigley,eloy.harber@yahoo.com,(505) 911-4664
Carey Bartoletti V,mariano.hodkiewicz@gmail.com,(305) 202-8086
Mrs. Vance Goldner,alita.toy@hotmail.com,(305) 273-0690
